mot clé,statut
Dîner croisière : une expérience gastronomique unique,
Croisière dans les îles Grecques : le top 3 des meilleures escales,
Escale à Bruges lors d'une croisière en Europe du Nord,
All Inclusive vs Croisière : quelle formule choisir ?,
Voyages de noces en croisière : destinations romantiques,
Escale à Marseille lors d'une croisière en Méditerranée,
Top 5 des destinations de croisière pour les voyageurs seniors,
Les meilleurs divertissements proposés par les compagnies de croisière,
Cinq bonnes raisons de passer Noël en croisière,
Croisière en famille avec de jeunes enfants : quelle compagnie choisir ?,
Escale à Barcelone : visiter les 10 sites incontournables,
Le top des 10 incontournables d'une escale à Gênes,
Escale à Valence : le top 10 des incontournables,
Logitravel : voyages de dernière minute et croisières à prix réduits,
Croisière Tour du Monde : guide complet,